{
    "0":{
        "Team":"Alaves",
        "Games":27,
        "SoT%":0.3322981366,
        "Gsh":0.0776397516,
        "GSoT":0.2336448598,
        "Win_rate20":0.25,
        "Wstrk_20":2,
        "proxy_xG":42.85,
        "proxy_xGA":44.9,
        "top4":0,
        "G90":0.9259259259,
        "S90":11.9259259259,
        "SoT90":3.962962963,
        "C90":4.962962963,
        "AG90":1.3703703704,
        "AS90":12.8888888889,
        "ASoT90":4.0740740741,
        "F90":15.3333333333,
        "Y90":2.4074074074,
        "R90":0.1851851852,
        "season":25
    },
    "1":{
        "Team":"Ath Bilbao",
        "Games":27,
        "SoT%":0.3184210526,
        "Gsh":0.0789473684,
        "GSoT":0.2479338843,
        "Win_rate20":0.35,
        "Wstrk_20":3,
        "proxy_xG":49.25,
        "proxy_xGA":40.65,
        "top4":0,
        "G90":1.1111111111,
        "S90":14.0740740741,
        "SoT90":4.4814814815,
        "C90":5.2592592593,
        "AG90":1.3703703704,
        "AS90":9.5555555556,
        "ASoT90":4.1111111111,
        "F90":13.8518518519,
        "Y90":2.3703703704,
        "R90":0.1851851852,
        "season":25
    },
    "2":{
        "Team":"Ath Madrid",
        "Games":27,
        "SoT%":0.4059945504,
        "Gsh":0.1253405995,
        "GSoT":0.3087248322,
        "Win_rate20":0.65,
        "Wstrk_20":6,
        "proxy_xG":55.6,
        "proxy_xGA":35.1,
        "top4":1,
        "G90":1.7037037037,
        "S90":13.5925925926,
        "SoT90":5.5185185185,
        "C90":6.7777777778,
        "AG90":0.9259259259,
        "AS90":10.4444444444,
        "ASoT90":3.1111111111,
        "F90":11.037037037,
        "Y90":1.7777777778,
        "R90":0.0740740741,
        "season":25
    },
    "3":{
        "Team":"Barcelona",
        "Games":27,
        "SoT%":0.3616236162,
        "Gsh":0.1328413284,
        "GSoT":0.3673469388,
        "Win_rate20":0.8,
        "Wstrk_20":9,
        "proxy_xG":76.1,
        "proxy_xGA":37.9,
        "top4":1,
        "G90":2.6666666667,
        "S90":20.0740740741,
        "SoT90":7.2592592593,
        "C90":7.4074074074,
        "AG90":0.962962963,
        "AS90":9.3703703704,
        "ASoT90":3.7407407407,
        "F90":9.2592592593,
        "Y90":1.4814814815,
        "R90":0.0740740741,
        "season":25
    },
    "4":{
        "Team":"Betis",
        "Games":27,
        "SoT%":0.3316326531,
        "Gsh":0.1071428571,
        "GSoT":0.3230769231,
        "Win_rate20":0.4,
        "Wstrk_20":3,
        "proxy_xG":52.1,
        "proxy_xGA":46.55,
        "top4":0,
        "G90":1.5555555556,
        "S90":14.5185185185,
        "SoT90":4.8148148148,
        "C90":4.5925925926,
        "AG90":1.2592592593,
        "AS90":12.6296296296,
        "ASoT90":4.3703703704,
        "F90":10.4444444444,
        "Y90":2.0,
        "R90":0.037037037,
        "season":25
    },
    "5":{
        "Team":"Celta",
        "Games":27,
        "SoT%":0.3783783784,
        "Gsh":0.125,
        "GSoT":0.3303571429,
        "Win_rate20":0.5,
        "Wstrk_20":3,
        "proxy_xG":42.8,
        "proxy_xGA":42.55,
        "top4":0,
        "G90":1.3703703704,
        "S90":10.962962963,
        "SoT90":4.1481481481,
        "C90":4.1481481481,
        "AG90":1.1111111111,
        "AS90":11.7037037037,
        "ASoT90":3.962962963,
        "F90":11.2222222222,
        "Y90":1.8518518519,
        "R90":0.037037037,
        "season":25
    },
    "6":{
        "Team":"Elche",
        "Games":27,
        "SoT%":0.364548495,
        "Gsh":0.1170568562,
        "GSoT":0.3211009174,
        "Win_rate20":0.1,
        "Wstrk_20":1,
        "proxy_xG":42.2,
        "proxy_xGA":52.6,
        "top4":0,
        "G90":1.2962962963,
        "S90":11.0740740741,
        "SoT90":4.037037037,
        "C90":3.7037037037,
        "AG90":1.5185185185,
        "AS90":14.5185185185,
        "ASoT90":4.8888888889,
        "F90":12.7407407407,
        "Y90":2.037037037,
        "R90":0.0740740741,
        "season":25
    },
    "7":{
        "Team":"Espanol",
        "Games":27,
        "SoT%":0.3333333333,
        "Gsh":0.0968660969,
        "GSoT":0.2905982906,
        "Win_rate20":0.35,
        "Wstrk_20":5,
        "proxy_xG":46.8,
        "proxy_xGA":48.25,
        "top4":0,
        "G90":1.2592592593,
        "S90":13.0,
        "SoT90":4.3333333333,
        "C90":4.4074074074,
        "AG90":1.4814814815,
        "AS90":12.5925925926,
        "ASoT90":4.6296296296,
        "F90":13.4814814815,
        "Y90":2.1851851852,
        "R90":0.1111111111,
        "season":25
    },
    "8":{
        "Team":"Getafe",
        "Games":27,
        "SoT%":0.2934362934,
        "Gsh":0.0888030888,
        "GSoT":0.3026315789,
        "Win_rate20":0.35,
        "Wstrk_20":2,
        "proxy_xG":31.95,
        "proxy_xGA":42.4,
        "top4":0,
        "G90":0.8518518519,
        "S90":9.5925925926,
        "SoT90":2.8148148148,
        "C90":4.3703703704,
        "AG90":1.0740740741,
        "AS90":10.6666666667,
        "ASoT90":4.1481481481,
        "F90":14.962962963,
        "Y90":2.7037037037,
        "R90":0.1851851852,
        "season":25
    },
    "9":{
        "Team":"Girona",
        "Games":27,
        "SoT%":0.3886925795,
        "Gsh":0.0989399293,
        "GSoT":0.2545454545,
        "Win_rate20":0.35,
        "Wstrk_20":3,
        "proxy_xG":41.65,
        "proxy_xGA":52.85,
        "top4":0,
        "G90":1.037037037,
        "S90":10.4814814815,
        "SoT90":4.0740740741,
        "C90":4.2222222222,
        "AG90":1.5925925926,
        "AS90":15.2592592593,
        "ASoT90":4.7777777778,
        "F90":10.8888888889,
        "Y90":2.2592592593,
        "R90":0.2592592593,
        "season":25
    },
    "10":{
        "Team":"Levante",
        "Games":27,
        "SoT%":0.2956810631,
        "Gsh":0.096345515,
        "GSoT":0.3258426966,
        "Win_rate20":0.2,
        "Wstrk_20":1,
        "proxy_xG":37.3,
        "proxy_xGA":60.95,
        "top4":0,
        "G90":1.0740740741,
        "S90":11.1481481481,
        "SoT90":3.2962962963,
        "C90":3.6666666667,
        "AG90":1.6666666667,
        "AS90":16.8148148148,
        "ASoT90":5.6666666667,
        "F90":12.2592592593,
        "Y90":2.1111111111,
        "R90":0.1481481481,
        "season":25
    },
    "11":{
        "Team":"Mallorca",
        "Games":27,
        "SoT%":0.3791821561,
        "Gsh":0.1152416357,
        "GSoT":0.3039215686,
        "Win_rate20":0.25,
        "Wstrk_20":1,
        "proxy_xG":38.95,
        "proxy_xGA":54.35,
        "top4":0,
        "G90":1.1481481481,
        "S90":9.962962963,
        "SoT90":3.7777777778,
        "C90":3.2962962963,
        "AG90":1.6296296296,
        "AS90":15.2592592593,
        "ASoT90":5.0,
        "F90":11.4074074074,
        "Y90":2.2592592593,
        "R90":0.1481481481,
        "season":25
    },
    "12":{
        "Team":"Osasuna",
        "Games":27,
        "SoT%":0.3026315789,
        "Gsh":0.1052631579,
        "GSoT":0.347826087,
        "Win_rate20":0.35,
        "Wstrk_20":2,
        "proxy_xG":38.2,
        "proxy_xGA":48.85,
        "top4":0,
        "G90":1.1851851852,
        "S90":11.2592592593,
        "SoT90":3.4074074074,
        "C90":3.4074074074,
        "AG90":1.1851851852,
        "AS90":12.8518518519,
        "ASoT90":4.6666666667,
        "F90":13.4444444444,
        "Y90":2.4444444444,
        "R90":0.1851851852,
        "season":25
    },
    "13":{
        "Team":"Oviedo",
        "Games":27,
        "SoT%":0.3183520599,
        "Gsh":0.063670412,
        "GSoT":0.2,
        "Win_rate20":0.05,
        "Wstrk_20":1,
        "proxy_xG":34.6,
        "proxy_xGA":61.85,
        "top4":0,
        "G90":0.6296296296,
        "S90":9.8888888889,
        "SoT90":3.1481481481,
        "C90":3.9259259259,
        "AG90":1.6296296296,
        "AS90":15.6296296296,
        "ASoT90":6.037037037,
        "F90":12.6666666667,
        "Y90":2.1851851852,
        "R90":0.2962962963,